{
  "Trial":17.0,
  "L_pred":0.1058820188,
  "L_inv":0.0111073032,
  "L_latent":0.0762647912,
  "L_pad":0.0069391048,
  "L_boundary":0.1136070341,
  "\u03bb_forward":0.0947406266,
  "\u03bb_inverse":5.9223528173,
  "\u03bb_latent":0.3619814826,
  "\u03bb_pad":0.7615230844,
  "\u03bb_boundary":0.542924736,
  "n_layer":4.0,
  "lr":0.0018288406,
  "wd":0.0000159337,
  "gamma":0.9561241677
}