Trial,L_pred,L_inv,L_latent,L_pad,L_boundary,λ_forward,λ_inverse,λ_latent,λ_pad,λ_boundary,n_layer,lr,wd,gamma
17,0.10588201880455017,0.011107303202152252,0.07626479119062424,0.00693910475820303,0.11360703408718109,0.09474062663044712,5.922352817287077,0.361981482639757,0.7615230844297859,0.5429247359651748,4,0.0018288405571217036,1.5933675685285177e-05,0.9561241676534833
39,0.202924445271492,0.014201026409864426,0.08125044405460358,0.003545379266142845,0.07252461463212967,0.013290178021482841,5.999932442301109,0.30389281110807564,3.388064275832111,6.3481677247949415,6,0.0029831767677748577,2.2480679843194433e-06,0.9731841922319218
45,0.0712575614452362,0.016113830730319023,0.07345633953809738,0.007248228881508112,0.11116983741521835,4.683579495772815,2.346344381183016,1.6935092760189019,1.2761187405742211,0.5635023718959832,5,0.0014074803480659801,1.1777147444576608e-05,0.9587121634680469
59,0.08520236611366272,0.016382716596126556,0.06726808100938797,0.003969084937125444,0.13939963281154633,1.7822302653629665,7.0561885538014595,3.313269302654847,3.7037794590668423,0.19434859914063674,6,0.0008554599927781555,1.0297639696859506e-05,0.9522845026037845
36,0.07824982702732086,0.017463719472289085,0.05850591883063316,0.009542442858219147,0.12178375571966171,3.1828642330306818,3.5516753336372195,3.176968788884886,1.2506085730951708,0.9392444127842364,4,0.0013999071523842518,4.701469353747517e-06,0.9588001980928211
